f1_predictions,f2_predictions,0_f1_predictions,1_f2_predictions
0.05,0.19946606820517376,0.05,0.19946606820517376
0.48,0.24906111571786546,0.19111111111111112,0.24906111571786546
0.03,-0.03442452239853888,0.03,0.0
0.03,0.020597549515461944,0.03,0.020597549515461944
0.33,0.32810347660038364,0.33,0.32810347660038364
0.38,0.46012642381221563,0.38,0.46012642381221563
0.07,-0.02628087909751131,0.07,0.0
0.31,0.39333118542207235,0.31,0.39333118542207235
0.14,0.21077513424143976,0.14,0.21077513424143976
0.7,0.4133558211611362,0.4111111111111111,0.4133558211611362
0.21,0.2792163954060802,0.21,0.2792163954060802
0.24,0.3006968237315608,0.24,0.3006968237315608
0.21,0.306357957548975,0.21,0.306357957548975
0.34,0.45382390540410134,0.34,0.45382390540410134
0.64,0.5318950174233135,0.64,0.5318950174233135
0.1,0.4401410425289911,0.1,0.39569659808454666
0.08,0.24528132668940303,0.08,0.24528132668940303
0.07,0.15460988578779455,0.07,0.15460988578779455
0.19,0.034798884015898174,0.19,0.034798884015898174
0.03,-0.02909557194198792,0.03,0.0
0.85,0.5835870584068759,0.5611111111111111,0.5835870584068759
0.09,0.21104082441990946,0.09,0.21104082441990946
0.21,0.2011082160857522,0.21,0.2011082160857522
0.08,0.1099908598919783,0.08,0.1099908598919783
0.23,0.4509247192882913,0.23,0.40648027484384686
0.31,0.46977864094927496,0.31,0.46977864094927496
0.24,0.20167839577422672,0.24,0.20167839577422672
0.0,0.0037230484123197405,0.0,0.0037230484123197405
0.12,0.1240865043138516,0.12,0.1240865043138516
0.07,0.037706267927793524,0.07,0.037706267927793524
0.09,0.2242216651052977,0.09,0.2242216651052977
0.06,0.1182127988814608,0.06,0.1182127988814608
0.45,0.3922127071349679,0.45,0.3922127071349679
0.21,0.2843562570582476,0.21,0.2843562570582476
0.29,0.292122304981619,0.29,0.292122304981619
0.45,0.46128169999212354,0.45,0.46128169999212354
0.05,0.1870897179892943,0.05,0.1870897179892943
0.03,0.13025958222524445,0.03,0.13025958222524445
0.38,0.276033684637008,0.38,0.276033684637008
0.59,0.3174642195884509,0.3011111111111111,0.3174642195884509
1.0,0.8440035947555524,1.0,0.8440035947555524
0.06,0.12237226917341815,0.06,0.12237226917341815
0.57,0.3758734549323884,0.57,0.3758734549323884
0.02,0.10038455066896737,0.02,0.10038455066896737
0.02,0.05808332548436437,0.02,0.05808332548436437
0.14,0.2552388535970882,0.14,0.2552388535970882
0.59,0.421819327507436,0.59,0.421819327507436
0.27,0.3479181197267007,0.27,0.3479181197267007
0.11,0.18523620705091715,0.11,0.18523620705091715
0.04,0.08001546982780819,0.04,0.08001546982780819
0.17,0.09361496155678897,0.17,0.09361496155678897
0.28,0.2640405497377969,0.28,0.2640405497377969
0.01,0.03160864395696181,0.01,0.03160864395696181
0.08,0.007556403468034684,0.08,0.007556403468034684
0.16,0.29855527211130795,0.16,0.29855527211130795
0.29,0.242513572375088,0.29,0.242513572375088
0.05,0.004652755232234018,0.05,0.004652755232234018
0.01,-0.0007424008204513499,0.01,0.0
0.06,0.10962586020573944,0.06,0.10962586020573944
0.24,0.1608773700810062,0.24,0.1608773700810062
0.67,0.2558791484453275,0.3811111111111112,0.2558791484453275
0.44,0.36825018161655504,0.44,0.36825018161655504
0.19,0.1377889250687112,0.19,0.1377889250687112
0.06,0.16611712359976755,0.06,0.16611712359976755
0.21,0.33490172088266884,0.21,0.33490172088266884
0.15,0.23711275505060553,0.15,0.23711275505060553
0.02,0.087557652324257,0.02,0.087557652324257
0.36,0.3365988661209446,0.36,0.3365988661209446
0.02,0.14393281050061602,0.02,0.14393281050061602
0.16,0.05509563846465973,0.16,0.05509563846465973
0.14,0.042574240369027516,0.14,0.042574240369027516
0.06,-0.011930714105796325,0.06,0.0
0.15,0.019403614163393007,0.15,0.019403614163393007
0.22,0.12336243034795968,0.22,0.12336243034795968
0.1,0.08915939548078308,0.1,0.08915939548078308
1.0,0.6304195188875553,0.7111111111111111,0.6304195188875553
0.33,0.6924400029375744,0.33,0.64799555849313
0.23,0.27072364604354965,0.23,0.27072364604354965
0.17,0.07673468516422366,0.17,0.07673468516422366
0.15,0.22243818735216192,0.15,0.22243818735216192
0.2,0.4207788863433917,0.2,0.37633444189894727
0.09,0.4043672464663458,0.09,0.35992280202190136
0.01,0.04218936324788794,0.01,0.04218936324788794
0.29,0.3145699502517567,0.29,0.3145699502517567
0.18,0.14154349241048442,0.18,0.14154349241048442
0.04,0.03043666963740535,0.04,0.03043666963740535
0.15,0.2954241924735269,0.15,0.2954241924735269
0.09,0.12485734112477109,0.09,0.12485734112477109
0.28,0.20052197095761135,0.28,0.20052197095761135
0.07,0.15209649240538242,0.07,0.15209649240538242
0.03,0.060927623909264594,0.03,0.060927623909264594
0.17,-0.029143593591661243,0.17,0.0
0.26,0.2899910699295026,0.26,0.2899910699295026
0.03,0.22321322579144415,0.03,0.22321322579144415
0.13,0.20343771663893,0.13,0.20343771663893
0.36,0.38085604125247663,0.36,0.38085604125247663
0.59,0.3585262923478818,0.3011111111111111,0.3585262923478818
0.04,-0.04896352960083966,0.04,0.0
0.55,0.5220890950391261,0.55,0.5220890950391261
0.05000000000000001,0.029933562687952664,0.05000000000000001,0.029933562687952664
0.05,0.12761832346004398,0.05,0.12761832346004398
0.16,0.2584526769369837,0.16,0.2584526769369837
0.16,0.047191595987124996,0.16,0.047191595987124996
0.95,0.6785674380475537,0.6611111111111111,0.6785674380475537
0.24,0.14060036745870208,0.24,0.14060036745870208
0.11,0.10496681192869003,0.11,0.10496681192869003
0.02,0.02723418430380492,0.02,0.02723418430380492
0.48,0.23181257199919952,0.19111111111111112,0.23181257199919952
0.07,0.1307126102724998,0.07,0.1307126102724998
0.55,0.5148354097639387,0.55,0.5148354097639387
0.15,0.07759542759357016,0.15,0.07759542759357016
0.07,0.13589888834051628,0.07,0.13589888834051628
0.42,0.34661919448493383,0.42,0.34661919448493383
0.2,0.306946843754698,0.2,0.306946843754698
0.19,0.33038022975657566,0.19,0.33038022975657566
0.55,0.456411218305825,0.55,0.456411218305825
0.22,0.25373946508527495,0.22,0.25373946508527495
0.37,0.32862539215657544,0.37,0.32862539215657544
0.1,0.022360306869477736,0.1,0.022360306869477736
0.11,0.08686334687440361,0.11,0.08686334687440361
0.05,0.04958115424967388,0.05,0.04958115424967388
0.81,0.5666404050888108,0.5211111111111112,0.5666404050888108
0.04,0.039558504722570165,0.04,0.039558504722570165
0.15,0.11178298538141146,0.15,0.11178298538141146
0.15,0.29503134398463216,0.15,0.29503134398463216
0.08,0.10192177191808885,0.08,0.10192177191808885
0.09000000000000001,0.2082693467358448,0.09000000000000001,0.2082693467358448
0.17,0.15189262099621514,0.17,0.15189262099621514
0.21,0.24459805150299938,0.21,0.24459805150299938
0.31,0.17388132660934616,0.31,0.17388132660934616
0.23,0.2765932790427834,0.23,0.2765932790427834
0.65,0.6457401724693101,0.65,0.6457401724693101
0.09,0.1383691532845577,0.09,0.1383691532845577
0.03,0.20369297867376004,0.03,0.20369297867376004
0.4,0.4372860968285194,0.4,0.4372860968285194
0.51,0.31498783211962944,0.51,0.31498783211962944
0.07,-0.14093682889075004,0.0,0.0
1.0,0.1556093983069501,0.7111111111111111,0.1556093983069501
0.46,0.22860372857786965,0.17111111111111116,0.22860372857786965
0.06,0.020185134770547758,0.06,0.020185134770547758
0.08,0.010267262525101156,0.08,0.010267262525101156
0.04,0.041450969391202075,0.04,0.041450969391202075
0.45,0.2949669647483854,0.45,0.2949669647483854
0.05,0.08325666581421012,0.05,0.08325666581421012
0.16,0.1858655170473817,0.16,0.1858655170473817
0.38,0.3976077676987183,0.38,0.3976077676987183
0.14,0.32548984534508935,0.14,0.32548984534508935
0.7,0.37668720252306254,0.4111111111111111,0.37668720252306254
0.1,0.04360846150463246,0.1,0.04360846150463246
1.0,0.6804441194618486,0.7111111111111111,0.6804441194618486
0.24,0.24944290773773653,0.24,0.24944290773773653
0.18,0.1674008990095314,0.18,0.1674008990095314
0.86,0.820214393556526,0.86,0.820214393556526
0.32,0.3907229931386851,0.32,0.3907229931386851
0.01,0.01700101605552004,0.01,0.01700101605552004
0.09,0.2749049256148952,0.09,0.2749049256148952
0.03,-0.004797103645469092,0.03,0.0
0.13,0.14945302091501417,0.13,0.14945302091501417
0.6,0.359913358494409,0.3111111111111111,0.359913358494409
0.22,0.1438911325603513,0.22,0.1438911325603513
0.04,0.03229462519677123,0.04,0.03229462519677123
0.18,0.2031500438634525,0.18,0.2031500438634525
0.48,0.14709134430088236,0.19111111111111112,0.14709134430088236
0.24,0.11763399840693456,0.24,0.11763399840693456
0.06,0.07014548502904744,0.06,0.07014548502904744
0.0,0.10054399139054168,0.0,0.10054399139054168
0.36000000000000004,0.5172195220821245,0.36000000000000004,0.5172195220821245
0.26,0.2049992695169649,0.26,0.2049992695169649
0.13,0.33861197107777774,0.13,0.2941675266333333
0.54,0.41562824878790844,0.54,0.41562824878790844
0.07,0.13764611659531456,0.07,0.13764611659531456
0.52,0.45760833481231783,0.52,0.45760833481231783
0.05000000000000001,0.0753223633758727,0.05000000000000001,0.0753223633758727
0.25,0.2723535593662654,0.25,0.2723535593662654
0.21,0.13463975309080523,0.21,0.13463975309080523
0.05,-0.002301495200340564,0.05,0.0
0.17,-0.012838246998136793,0.17,0.0
0.01,0.09647709937459786,0.01,0.09647709937459786
0.27,0.3692387205142095,0.27,0.3692387205142095
0.05,0.20740042475558607,0.05,0.20740042475558607
0.22,0.29268754887876736,0.22,0.29268754887876736
0.3,0.11932488130973434,0.3,0.11932488130973434
0.11,0.17753109145561538,0.11,0.17753109145561538
0.15,0.06818112839241675,0.15,0.06818112839241675
0.1,0.1829712850032493,0.1,0.1829712850032493
0.06,0.07506579827663193,0.06,0.07506579827663193
0.05,0.22387173356354265,0.05,0.22387173356354265
0.21,0.32724833563452216,0.21,0.32724833563452216
0.06,0.13211904169114647,0.06,0.13211904169114647
0.28,0.3248873965185414,0.28,0.3248873965185414
0.1,0.09398579443299676,0.1,0.09398579443299676
0.02,-0.011995050840790111,0.02,0.0
0.14,0.138349909207457,0.14,0.138349909207457
0.03,0.13278952464851576,0.03,0.13278952464851576
0.03,0.060142986971312484,0.03,0.060142986971312484
0.27,0.24685039149704935,0.27,0.24685039149704935
0.39,0.587059125733189,0.39,0.587059125733189
0.6,0.45917918957310067,0.6,0.45917918957310067
0.12,0.2946442418346407,0.12,0.2946442418346407
0.94,1.011002910060863,0.94,1.0
0.10000000000000002,0.2143924475304252,0.10000000000000002,0.2143924475304252
0.02,0.08891474685607759,0.02,0.08891474685607759
0.06,0.12235211133013865,0.06,0.12235211133013865
0.13,0.09827346345261717,0.13,0.09827346345261717
0.03,0.020713874509945468,0.03,0.020713874509945468
0.3,0.33596806360057524,0.3,0.33596806360057524
1.0,0.7869730137130295,0.7111111111111111,0.7869730137130295
0.14,0.32854304426081393,0.14,0.32854304426081393
0.11,0.0263381161087419,0.11,0.0263381161087419
0.05,0.13860051225787762,0.05,0.13860051225787762
0.08,0.13015515394544475,0.08,0.13015515394544475
0.03,0.029843265511895173,0.03,0.029843265511895173
0.16,0.28273783259564483,0.16,0.28273783259564483
0.6,0.48744466784352325,0.6,0.48744466784352325
0.04,0.11038055695548482,0.04,0.11038055695548482
0.08,0.03740347253747761,0.08,0.03740347253747761
0.11,0.15133104694125188,0.11,0.15133104694125188
0.07,-0.011015388381788116,0.07,0.0
0.15,0.23649243560298835,0.15,0.23649243560298835
0.1,-0.0011438982190642988,0.1,0.0
1.0,0.6859493711804346,0.7111111111111111,0.6859493711804346
0.33,0.5893380215569871,0.33,0.5448935771125427
0.04,0.09214648629273747,0.04,0.09214648629273747
0.03,0.0873384459183372,0.03,0.0873384459183372
0.53,0.47126599037980677,0.53,0.47126599037980677
0.03,0.021480058960785114,0.03,0.021480058960785114
0.0,0.20045309415156895,0.0,0.1560086497071245
0.01,-0.05191874387804796,0.01,0.0
0.1,0.33812361269673785,0.1,0.2936791682522934
0.05,0.045863001695566646,0.05,0.045863001695566646
0.22,0.2625647597170713,0.22,0.2625647597170713
0.2,0.13766713037471956,0.2,0.13766713037471956
0.34,0.3364064970479796,0.34,0.3364064970479796
0.05,0.0906938662143762,0.05,0.0906938662143762
0.82,0.48521717294885014,0.5311111111111111,0.48521717294885014
0.04,0.01941037018098496,0.04,0.01941037018098496
0.11,-0.00649121433862726,0.11,0.0
0.24,0.6284499873753325,0.24,0.5840055429308881
0.55,0.4604357212225909,0.55,0.4604357212225909
0.27,0.06328744330176397,0.0,0.06328744330176397
0.41,0.24311545910696858,0.41,0.24311545910696858
0.02,0.02840373474544408,0.02,0.02840373474544408
0.24,0.2554784118491103,0.24,0.2554784118491103
0.48,0.5446926840382145,0.48,0.5446926840382145
0.66,0.6539086701872618,0.66,0.6539086701872618
0.59,0.38205806622643934,0.3011111111111111,0.38205806622643934
0.17,0.16627823444047649,0.17,0.16627823444047649
0.07,0.1937369425299413,0.07,0.1937369425299413
0.41,0.7677766350036602,0.41,0.7233321905592158
0.14,0.38148403539120335,0.14,0.3370395909467589
0.28,0.34630953803347814,0.28,0.34630953803347814
0.14,0.32361457672128574,0.14,0.32361457672128574
0.16,0.1454603393542802,0.16,0.1454603393542802
0.24,0.2532664108365719,0.24,0.2532664108365719
0.07,0.04959773663117581,0.07,0.04959773663117581
0.16,0.1119511587256066,0.16,0.1119511587256066
0.53,0.5346181675698549,0.53,0.5346181675698549
0.04,0.057860051595356954,0.04,0.057860051595356954
0.17,0.2487450060587765,0.17,0.2487450060587765
0.22,0.38637041655692705,0.22,0.38637041655692705
0.07,0.008743254333045958,0.07,0.008743254333045958
0.04,0.05953764914653287,0.04,0.05953764914653287
0.83,0.7759380499514548,0.83,0.7759380499514548
0.02,0.0074329876245767534,0.02,0.0074329876245767534
0.21,0.04200472741920519,0.21,0.04200472741920519
0.08,0.033083974961310963,0.08,0.033083974961310963
0.03,0.020839541952284713,0.03,0.020839541952284713
0.21,0.2210970882895283,0.21,0.2210970882895283
0.22,0.2461112112186284,0.22,0.2461112112186284
0.21,0.38822424287245433,0.21,0.38822424287245433
0.14,0.08676816365833034,0.14,0.08676816365833034
0.11,0.03947014376202593,0.11,0.03947014376202593
0.69,0.40256250909513625,0.4011111111111111,0.40256250909513625
0.02,0.01606762872286016,0.02,0.01606762872286016
0.2,0.4080304496564345,0.2,0.36358600521199
0.36,0.5846683318952978,0.36,0.5402238874508534
0.3,0.5229098921564587,0.3,0.4784654477120142
0.15,0.13976056694414127,0.15,0.13976056694414127
0.19,0.08699512188415323,0.19,0.08699512188415323
0.14,0.1943232252697532,0.14,0.1943232252697532
0.09000000000000001,0.08643250242222916,0.09000000000000001,0.08643250242222916
0.12,0.15038603452769622,0.12,0.15038603452769622
0.16,0.48368752792218195,0.16,0.4392430834777375
0.16,0.17001315115338786,0.16,0.17001315115338786
0.29,0.27110469294257394,0.29,0.27110469294257394
1.0,0.3312897797162043,0.7111111111111111,0.3312897797162043
0.41,0.210543604509058,0.41,0.210543604509058
0.87,0.5122581107827864,0.5811111111111111,0.5122581107827864
0.06,0.15734611332800075,0.06,0.15734611332800075
0.27,0.03965085853741318,0.0,0.03965085853741318
0.3,0.7390645281663154,0.3,0.694620083721871
0.08,0.1258579035037194,0.08,0.1258579035037194
0.26,0.3047919539486379,0.26,0.3047919539486379
0.03,0.18813425003832662,0.03,0.18813425003832662
0.15,0.02018025734788942,0.15,0.02018025734788942
0.09000000000000001,0.13928994164404254,0.09000000000000001,0.13928994164404254
0.18,0.15175394264414171,0.18,0.15175394264414171
0.28,0.28183416931706345,0.28,0.28183416931706345
0.5,0.707648974346452,0.5,0.6632045299020076
0.18,0.22381418329954447,0.18,0.22381418329954447
0.1,0.21300236591430377,0.1,0.21300236591430377
0.04,0.10941266143591463,0.04,0.10941266143591463
0.52,0.48673021201206856,0.52,0.48673021201206856
0.02,0.016809597853017305,0.02,0.016809597853017305
0.05,0.1486679748356309,0.05,0.1486679748356309
0.09000000000000001,0.11544349538383153,0.09000000000000001,0.11544349538383153
0.42,0.15283077811903062,0.13111111111111112,0.15283077811903062
0.05,0.12702140775354254,0.05,0.12702140775354254
0.15,0.1918606841451449,0.15,0.1918606841451449
0.16,0.22684450275548132,0.16,0.22684450275548132
0.03,0.05104872798170443,0.03,0.05104872798170443
0.48,0.3762411447744496,0.48,0.3762411447744496
0.53,0.40784619648269926,0.53,0.40784619648269926
0.03,0.059264480752092896,0.03,0.059264480752092896
1.0,0.5269690680608456,0.7111111111111111,0.5269690680608456
0.59,0.4839982022484318,0.59,0.4839982022484318
0.59,0.3271482267219734,0.3011111111111111,0.3271482267219734
0.24,0.2773093574319591,0.24,0.2773093574319591
0.04,0.11927662763706773,0.04,0.11927662763706773
0.06,0.040730384343389686,0.06,0.040730384343389686
0.16,0.36454432856139807,0.16,0.3200998841169536
0.33,0.25745808904190143,0.33,0.25745808904190143
0.05,0.10074871751459621,0.05,0.10074871751459621
0.31,0.3925432921128533,0.31,0.3925432921128533
0.11,0.18086831918346444,0.11,0.18086831918346444
0.03,0.05915897263624725,0.03,0.05915897263624725
0.07,0.01581473608909817,0.07,0.01581473608909817
0.14,0.18355442550935827,0.14,0.18355442550935827
0.69,0.5826626939124815,0.69,0.5826626939124815
0.05,0.2246230719012318,0.05,0.2246230719012318
0.31,0.2730767733114339,0.31,0.2730767733114339
0.28,0.271609376738754,0.28,0.271609376738754
0.31,0.21474433774784,0.31,0.21474433774784
0.28,0.12296126910417113,0.28,0.12296126910417113
0.09000000000000001,0.08628954423013735,0.09000000000000001,0.08628954423013735
0.06,0.2117228065567366,0.06,0.2117228065567366
0.2,0.13552817471466347,0.2,0.13552817471466347
0.11,0.05463936204769429,0.11,0.05463936204769429
0.14,0.2421816444974177,0.14,0.2421816444974177
0.09,0.03974344346388453,0.09,0.03974344346388453
0.13,0.013441996074117918,0.13,0.013441996074117918
0.13,0.08311091131424694,0.13,0.08311091131424694
0.84,0.47618632496930713,0.5511111111111111,0.47618632496930713
0.03,0.011029449295074378,0.03,0.011029449295074378
0.22,0.27072263804884933,0.22,0.27072263804884933
0.17,0.1991121524896892,0.17,0.1991121524896892
0.51,0.504985504858411,0.51,0.504985504858411
0.84,0.8186362174680288,0.84,0.8186362174680288
0.28,0.19543074930587778,0.28,0.19543074930587778
0.54,0.24903426894045905,0.2511111111111112,0.24903426894045905
0.20000000000000004,0.32811571226784225,0.20000000000000004,0.32811571226784225
0.15,0.2493734245823399,0.15,0.2493734245823399
0.16,0.3308457911846646,0.16,0.3308457911846646
0.24,0.3246929015374527,0.24,0.3246929015374527
0.34,0.6741047763687489,0.34,0.6296603319243045
0.1,0.1152617145546648,0.1,0.1152617145546648
0.06,-0.03231360572811498,0.06,0.0
0.21,0.15940816343248437,0.21,0.15940816343248437
0.08,0.10450850801130618,0.08,0.10450850801130618
0.12,-0.01412662526797498,0.12,0.0
0.53,0.5904558986883148,0.53,0.5904558986883148
0.03,0.07737834768970125,0.03,0.07737834768970125
0.37,0.17127753884634217,0.37,0.17127753884634217
0.3,0.477289444043957,0.3,0.477289444043957
0.32,0.28993712560696133,0.32,0.28993712560696133
0.15,0.10246680111058329,0.15,0.10246680111058329
0.16,0.2571202762274642,0.16,0.2571202762274642
0.01,0.020826628661825053,0.01,0.020826628661825053
0.26,0.12624515321115584,0.26,0.12624515321115584
0.04,-0.016212622739470384,0.04,0.0
0.14,0.11649993247171586,0.14,0.11649993247171586
0.03,0.1384592916815207,0.03,0.1384592916815207
0.67,0.5767229943448247,0.67,0.5767229943448247
0.08,0.14382090202944642,0.08,0.14382090202944642
0.18,0.42936193102365694,0.18,0.3849174865792125
0.08,0.04203158643720864,0.08,0.04203158643720864
0.1,-0.02873317102746864,0.1,0.0
0.24,0.21629062988027792,0.24,0.21629062988027792
0.07,0.08927968208596626,0.07,0.08927968208596626
0.27,0.3195141469624838,0.27,0.3195141469624838
0.24,0.31496909842283144,0.24,0.31496909842283144
1.0,0.6545506401210532,0.7111111111111111,0.6545506401210532
0.03,-0.014592162528572372,0.03,0.0
0.13,0.24558071885977634,0.13,0.24558071885977634
0.05,0.17447184584671258,0.05,0.17447184584671258
0.13,0.32304238463002166,0.13,0.32304238463002166
0.19,0.20006270343695806,0.19,0.20006270343695806
0.65,0.9730233446376364,0.65,0.928578900193192
0.37,0.3269734830364135,0.37,0.3269734830364135
0.69,0.5515172197561636,0.69,0.5515172197561636
0.09000000000000001,0.1336531352195329,0.09000000000000001,0.1336531352195329
0.21,0.28787689263289734,0.21,0.28787689263289734
0.28,0.27746960086687394,0.28,0.27746960086687394
0.19,0.3489574685021743,0.19,0.3489574685021743
0.36,0.39922639939764026,0.36,0.39922639939764026
0.04,0.06057031784292194,0.04,0.06057031784292194
0.34,0.2918692734874227,0.34,0.2918692734874227
0.20000000000000004,0.1933351189364006,0.20000000000000004,0.1933351189364006
0.33,0.44321652262703476,0.33,0.44321652262703476
0.59,0.3764597583270787,0.3011111111111111,0.3764597583270787
0.12,-0.01865927301421222,0.12,0.0
0.06,0.057191914411682976,0.06,0.057191914411682976
1.0,0.7435408768682319,0.7111111111111111,0.7435408768682319
0.08,0.13847476893721986,0.08,0.13847476893721986
0.06,0.1010686928492682,0.06,0.1010686928492682
0.02,0.1077609132354218,0.02,0.1077609132354218
0.12,0.18637223807524922,0.12,0.18637223807524922
0.03,0.07074908715839498,0.03,0.07074908715839498
0.05,0.09947580157965677,0.05,0.09947580157965677
0.05,0.1978503852940695,0.05,0.1978503852940695
0.09000000000000001,0.17298042418181844,0.09000000000000001,0.17298042418181844
0.16,0.2052039714180013,0.16,0.2052039714180013
0.19,0.5009064944748818,0.19,0.4564620500304373
0.26,0.17967501991475238,0.26,0.17967501991475238
0.06,0.19501191847072866,0.06,0.19501191847072866
0.04,0.09779489623574644,0.04,0.09779489623574644
0.18,0.029244835094100197,0.18,0.029244835094100197
0.13,0.30009133891167583,0.13,0.30009133891167583
0.3,0.1339567344683328,0.3,0.1339567344683328
0.05000000000000001,0.10525521145573166,0.05000000000000001,0.10525521145573166
0.84,0.36211914046864724,0.5511111111111111,0.36211914046864724
0.05,0.06109485134522069,0.05,0.06109485134522069
0.02,0.005144146687495826,0.02,0.005144146687495826
0.26,0.25980222337193637,0.26,0.25980222337193637
0.04,0.11163355223661753,0.04,0.11163355223661753
0.36,0.5236690441446048,0.36,0.5236690441446048
0.03,-0.03359597444187268,0.03,0.0
0.27,0.2848397196711252,0.27,0.2848397196711252
0.19,0.13742267338651093,0.19,0.13742267338651093
0.24,0.24409503099579516,0.24,0.24409503099579516
0.03,-0.020648719499964108,0.03,0.0
0.03,0.2814427173664608,0.03,0.23699827292201636
0.29,0.32455529722462856,0.29,0.32455529722462856
0.29,0.26975281679814056,0.29,0.26975281679814056
0.14,0.14663555850403653,0.14,0.14663555850403653
0.06,0.1225612081841023,0.06,0.1225612081841023
0.09,0.3110000029452529,0.09,0.2665555585008084
0.1,0.1069466974960816,0.1,0.1069466974960816
0.18,0.17057327161528554,0.18,0.17057327161528554
0.16,0.4639306875179954,0.16,0.4194862430735509
0.2,0.18534374933165454,0.2,0.18534374933165454
0.59,0.3015516300586261,0.3011111111111111,0.3015516300586261
0.11,0.09909247055820905,0.11,0.09909247055820905
0.03,0.03158531409093879,0.03,0.03158531409093879
0.03,0.15814521108905583,0.03,0.15814521108905583
0.19,0.11778384936947014,0.19,0.11778384936947014
0.57,0.3174700830840258,0.2811111111111111,0.3174700830840258
0.15,0.2245033390933319,0.15,0.2245033390933319
0.12,0.09052489077637507,0.12,0.09052489077637507
0.11,0.16454673250387208,0.11,0.16454673250387208
0.08,0.05306137737727687,0.08,0.05306137737727687
0.16,0.2269746831254585,0.16,0.2269746831254585
0.12,0.08589803320528897,0.12,0.08589803320528897
0.15,0.35930170091924796,0.15,0.3148572564748035
0.09,0.08291040237574779,0.09,0.08291040237574779
0.15,0.14491360433042944,0.15,0.14491360433042944
0.03,0.019877960063248518,0.03,0.019877960063248518
0.38,0.2369761654499606,0.38,0.2369761654499606
0.02,0.0008888939995456147,0.02,0.0008888939995456147
0.45,0.6569621903266254,0.45,0.612517745882181
0.09,0.12835136364704586,0.09,0.12835136364704586
0.06,0.25682673978907455,0.06,0.25682673978907455
0.2,0.1322155493668562,0.2,0.1322155493668562
0.14,0.23024988946132832,0.14,0.23024988946132832
0.95,0.5698560539111213,0.6611111111111111,0.5698560539111213
0.04,0.10855289872055804,0.04,0.10855289872055804
0.31,0.2829906277408959,0.31,0.2829906277408959
0.03,0.08984506637735129,0.03,0.08984506637735129
0.02,0.05711138098230076,0.02,0.05711138098230076
0.03,0.17806400658213692,0.03,0.17806400658213692
0.04,0.05409764158683919,0.04,0.05409764158683919
0.29,0.1192566751821916,0.29,0.1192566751821916
0.23,0.3247210487093296,0.23,0.3247210487093296
0.65,0.6124994781849544,0.65,0.6124994781849544
0.06,0.032489807383825314,0.06,0.032489807383825314
0.2,0.4214346650952654,0.2,0.37699022065082094
0.52,0.5819306388376857,0.52,0.5819306388376857
0.16,0.08911774866763136,0.16,0.08911774866763136
0.04,0.13027297240590385,0.04,0.13027297240590385
0.26,0.17766243095918577,0.26,0.17766243095918577
0.38,0.3686420988968776,0.38,0.3686420988968776
0.29,0.36832592325584007,0.29,0.36832592325584007
0.15,0.12025900151074614,0.15,0.12025900151074614
0.16,0.29926234146487823,0.16,0.29926234146487823
0.25,0.23801918155909366,0.25,0.23801918155909366
0.09000000000000001,0.2813898723591721,0.09000000000000001,0.2813898723591721
0.03,0.04482177714877286,0.03,0.04482177714877286
0.11,0.13487922258174284,0.11,0.13487922258174284
0.03,0.10271868897555894,0.03,0.10271868897555894
0.38,0.27950748869367065,0.38,0.27950748869367065
0.11,0.08001162543137297,0.11,0.08001162543137297
0.36,0.3033972776221478,0.36,0.3033972776221478
0.17,0.0406618811318514,0.17,0.0406618811318514
0.26,0.19713379776405826,0.26,0.19713379776405826
0.55,0.28721699782573984,0.2611111111111112,0.28721699782573984
0.14,0.20466024860639775,0.14,0.20466024860639775
0.06,0.0400691818813568,0.06,0.0400691818813568
0.53,0.7072223106261312,0.53,0.7072223106261312
0.04,0.08643694152158829,0.04,0.08643694152158829
0.23,0.2784793470600825,0.23,0.2784793470600825
0.14,0.33302357701410956,0.14,0.33302357701410956
0.1,0.336071003369137,0.1,0.2916265589246925
0.22,-0.03883924209007095,0.0,0.0
0.08,0.23569429359899383,0.08,0.23569429359899383
0.06,0.0063948684361846975,0.06,0.0063948684361846975
0.4,0.5478914144321313,0.4,0.5478914144321313
0.07,0.04271848412753548,0.07,0.04271848412753548
0.04,0.02041496965927589,0.04,0.02041496965927589
0.13,0.4068228265728684,0.13,0.36237838212842394
0.11,0.1428804259401782,0.11,0.1428804259401782
0.16,0.32923171774947474,0.16,0.32923171774947474
0.08,0.039386330336019765,0.08,0.039386330336019765
0.48,0.254510978047525,0.19111111111111112,0.254510978047525
0.11,0.050274594497537906,0.11,0.050274594497537906
0.21,0.13406224964059432,0.21,0.13406224964059432
0.01,0.053657661162702264,0.01,0.053657661162702264
0.12,0.09672876605525313,0.12,0.09672876605525313
0.65,0.6225109443501264,0.65,0.6225109443501264
0.01,0.020603933651673123,0.01,0.020603933651673123
0.83,0.04905707743355672,0.5411111111111111,0.04905707743355672
0.06,0.1459696943988873,0.06,0.1459696943988873
0.12,0.10174546608118676,0.12,0.10174546608118676
0.2,0.30896934315718383,0.2,0.30896934315718383
0.36,0.5554784142421133,0.36,0.5554784142421133
0.03,0.09884161063348773,0.03,0.09884161063348773
0.81,0.5590905945040526,0.5211111111111112,0.5590905945040526
0.55,0.41643867175518356,0.55,0.41643867175518356
0.07,0.09542447737378268,0.07,0.09542447737378268
0.15,0.3253184464859726,0.15,0.3253184464859726
0.8,0.4842567159998348,0.5111111111111112,0.4842567159998348
0.36,0.472594294396533,0.36,0.472594294396533
0.05,0.05708040517747867,0.05,0.05708040517747867
0.2,0.1291858035959483,0.2,0.1291858035959483
0.13,0.11025023827698768,0.13,0.11025023827698768
0.24,0.08167141677515571,0.24,0.08167141677515571
0.2,0.21279924263724614,0.2,0.21279924263724614
0.14,0.047875316449670136,0.14,0.047875316449670136
0.25,0.15291820385659644,0.25,0.15291820385659644
0.35,0.5171419560338688,0.35,0.5171419560338688
0.03,0.10467858503979738,0.03,0.10467858503979738
0.28,0.22143663478668563,0.28,0.22143663478668563
0.41,0.3544641998092861,0.41,0.3544641998092861
0.0,0.03301463450487191,0.0,0.03301463450487191
0.24,0.17546733563408648,0.24,0.17546733563408648
0.1,0.2598272621492095,0.1,0.2598272621492095
0.1,0.12614064380003331,0.1,0.12614064380003331
0.21,0.09497813406930827,0.21,0.09497813406930827
0.01,-0.06357802762283876,0.01,0.0
0.57,0.3798825386395125,0.57,0.3798825386395125
0.13,0.19705093020775127,0.13,0.19705093020775127
0.15,0.22176911399677943,0.15,0.22176911399677943
0.03,0.23575053909793164,0.03,0.1913060946534872
0.04,0.01663659815009727,0.04,0.01663659815009727
0.29,0.3864839611473627,0.29,0.3864839611473627
0.09,0.13502304238461071,0.09,0.13502304238461071
0.34,0.2265532198194704,0.34,0.2265532198194704
0.12,0.25507661057844094,0.12,0.25507661057844094
0.87,0.36987814803238434,0.5811111111111111,0.36987814803238434
0.04,0.10882423711360456,0.04,0.10882423711360456
0.02,0.07763480578715148,0.02,0.07763480578715148
0.06,0.0339660803677736,0.06,0.0339660803677736
0.31,0.227069957462644,0.31,0.227069957462644
0.08,0.08535996131592405,0.08,0.08535996131592405
0.19,0.1723139816160198,0.19,0.1723139816160198
0.12,0.1839036703360887,0.12,0.1839036703360887
0.14,0.25237193994117824,0.14,0.25237193994117824
0.63,0.3932933553997886,0.34111111111111114,0.3932933553997886
0.17,0.09982293723784583,0.17,0.09982293723784583
0.0,0.20657044458904286,0.0,0.1621260001445984
0.03,-0.0892932921947831,0.03,0.0
0.33,0.3062296593359606,0.33,0.3062296593359606
0.07,0.057225296582715746,0.07,0.057225296582715746
0.04,0.21529969353267356,0.04,0.21529969353267356
0.29,0.2739484525236698,0.29,0.2739484525236698
0.41,0.2998484580745192,0.41,0.2998484580745192
0.09,0.12664467673947455,0.09,0.12664467673947455
0.31,0.4331430431869506,0.31,0.4331430431869506
0.21,0.056241445853316,0.21,0.056241445853316
0.15,0.13997060821680657,0.15,0.13997060821680657
0.36,0.46834521460766054,0.36,0.46834521460766054
0.29,0.1440658105130599,0.29,0.1440658105130599
0.82,0.24091954679362687,0.5311111111111111,0.24091954679362687
0.19,0.21292686650144083,0.19,0.21292686650144083
0.02,0.07021557114930879,0.02,0.07021557114930879
0.17,0.06615889308479708,0.17,0.06615889308479708
0.01,-0.005896074533833839,0.01,0.0
0.09000000000000001,0.15919532350083254,0.09000000000000001,0.15919532350083254
0.03,0.10659819034790141,0.03,0.10659819034790141
0.03,0.07802537060588627,0.03,0.07802537060588627
0.46,0.21607897050250824,0.17111111111111116,0.21607897050250824
0.09,0.09259099748761143,0.09,0.09259099748761143
0.03,0.13060499945935944,0.03,0.13060499945935944
0.13,0.15252239524657918,0.13,0.15252239524657918
0.12,0.2010908888268121,0.12,0.2010908888268121
0.09,0.001472493301133665,0.09,0.001472493301133665
0.6,0.4805564830014619,0.6,0.4805564830014619
0.03,0.027046728057728953,0.03,0.027046728057728953
0.15,0.04203926263478025,0.15,0.04203926263478025
0.14,0.24989382426519047,0.14,0.24989382426519047
0.13,0.33793365307970824,0.13,0.2934892086352638
0.11,0.13464981914943258,0.11,0.13464981914943258
0.36,0.34906581137023773,0.36,0.34906581137023773
0.01,0.08973351521574299,0.01,0.08973351521574299
0.06,0.025660927901813985,0.06,0.025660927901813985
0.15,0.13448775845273844,0.15,0.13448775845273844
0.33,0.4350554828835474,0.33,0.4350554828835474
0.18,-0.03033917738841685,0.0,0.0
0.18,0.09650282845347752,0.18,0.09650282845347752
0.03,-0.040662080338232376,0.03,0.0
0.01,0.056607146711988826,0.01,0.056607146711988826
0.09,0.18799198860375313,0.09,0.18799198860375313
0.25,0.27359447948730686,0.25,0.27359447948730686
0.6,0.436244521533851,0.6,0.436244521533851
0.59,0.559812601265388,0.59,0.559812601265388
0.34,0.2191986479204442,0.34,0.2191986479204442
0.03,0.2942777675992786,0.03,0.24983332315483414
0.11,0.2503440877434347,0.11,0.2503440877434347
0.09,0.20692134614579274,0.09,0.20692134614579274
0.34,0.36015131437487113,0.34,0.36015131437487113
0.18,0.33067745610693,0.18,0.33067745610693
0.26,0.1417020588048788,0.26,0.1417020588048788
0.11,0.24636728813079337,0.11,0.24636728813079337
0.09,0.12246668767654736,0.09,0.12246668767654736
0.04,0.011372761008324295,0.04,0.011372761008324295
0.09,0.14515246550511812,0.09,0.14515246550511812
0.1,0.05498183741879761,0.1,0.05498183741879761
0.1,0.25404662583197185,0.1,0.25404662583197185
0.08,-0.019809919821640598,0.08,0.0
0.3,0.45681818689897125,0.3,0.45681818689897125
0.09,0.22610757503960568,0.09,0.22610757503960568
0.02,0.13002212597354382,0.02,0.13002212597354382
0.37,0.2591413691934448,0.37,0.2591413691934448
0.04,0.14952401180308836,0.04,0.14952401180308836
0.07,0.12413930595009515,0.07,0.12413930595009515
0.33,0.342234996269735,0.33,0.342234996269735
0.21,-0.010835329439617403,0.0,0.0
0.14,0.22132184050296108,0.14,0.22132184050296108
0.1,-0.06609070257158345,0.1,0.0
0.48,0.37648457873354685,0.48,0.37648457873354685
0.01,0.100375423615233,0.01,0.100375423615233
0.02,0.1586758458982008,0.02,0.1586758458982008
0.15,0.18767262994760267,0.15,0.18767262994760267
0.04,0.06879463570797792,0.04,0.06879463570797792
0.15,0.2213404310558781,0.15,0.2213404310558781
0.05,0.22705809225930054,0.05,0.22705809225930054
0.7,0.31885952133056555,0.4111111111111111,0.31885952133056555
0.2,0.3308980635365341,0.2,0.3308980635365341
0.36,0.37165292157563845,0.36,0.37165292157563845
0.22,0.17858317972768611,0.22,0.17858317972768611
0.02,0.03608118907209723,0.02,0.03608118907209723
0.16,0.22683539064171726,0.16,0.22683539064171726
0.07,0.03891402920954806,0.07,0.03891402920954806
0.43,0.39892264086051377,0.43,0.39892264086051377
0.17,0.12066927320234283,0.17,0.12066927320234283
0.05,0.04241202055388524,0.05,0.04241202055388524
0.11,0.11076817491856206,0.11,0.11076817491856206
0.13,0.2802267774939681,0.13,0.2802267774939681
0.07,0.08316483054239379,0.07,0.08316483054239379
0.35,0.4991772555801194,0.35,0.4991772555801194
0.02,0.10085645219688208,0.02,0.10085645219688208
1.0,0.7048776323389283,0.7111111111111111,0.7048776323389283
0.46,0.1919522836333551,0.17111111111111116,0.1919522836333551
0.41,0.22561900807843635,0.41,0.22561900807843635
0.05,0.051461706232361265,0.05,0.051461706232361265
0.04,0.020322835801277528,0.04,0.020322835801277528
0.2,0.13386505423498096,0.2,0.13386505423498096
0.66,0.42082100328540734,0.37111111111111117,0.42082100328540734
0.22,0.16150640301586006,0.22,0.16150640301586006
0.01,-0.004776378554939231,0.01,0.0
0.09,0.207763694254338,0.09,0.207763694254338
0.08,0.08465939660979596,0.08,0.08465939660979596
0.03,-0.005785989314269602,0.03,0.0
0.24,0.22612693793007668,0.24,0.22612693793007668
0.15,0.2965374790530875,0.15,0.2965374790530875
0.19,0.34044059097282997,0.19,0.34044059097282997
0.11,0.12568544925715808,0.11,0.12568544925715808
0.59,0.6977130120880342,0.59,0.6977130120880342
0.06,0.21558936556590497,0.06,0.21558936556590497
0.03,-0.08296524883619422,0.03,0.0
0.06,0.125188986507993,0.06,0.125188986507993
0.66,0.47657064723772236,0.66,0.47657064723772236
0.07,0.10561879637797267,0.07,0.10561879637797267
0.65,0.4095953025473904,0.36111111111111116,0.4095953025473904
0.0,0.02512428694965535,0.0,0.02512428694965535
0.06,0.0974237588971226,0.06,0.0974237588971226
0.54,0.40495102697635665,0.54,0.40495102697635665
0.03,0.131074413203017,0.03,0.131074413203017
0.1,0.1417662746904177,0.1,0.1417662746904177
0.31,0.3856828366871527,0.31,0.3856828366871527
0.19,0.26233239820376797,0.19,0.26233239820376797
0.13,0.22294740603724736,0.13,0.22294740603724736
0.16,0.2117843087633675,0.16,0.2117843087633675
0.03,0.17649256859860457,0.03,0.17649256859860457
0.53,0.4524005685233473,0.53,0.4524005685233473
0.14,0.3681372192968025,0.14,0.32369277485235803
0.19,0.629052872661118,0.19,0.5846084282166736
0.31,0.16286617408327841,0.31,0.16286617408327841
0.01,0.06246566296832301,0.01,0.06246566296832301
0.67,0.6212230805453713,0.67,0.6212230805453713
0.02,0.06546342477194717,0.02,0.06546342477194717
0.05,0.06679192306333526,0.05,0.06679192306333526
0.06,-0.009453370073434553,0.06,0.0
0.18,0.03494953930506539,0.18,0.03494953930506539
0.08,0.07436810146744086,0.08,0.07436810146744086
0.02,0.013208898574701478,0.02,0.013208898574701478
0.29,0.3265181676083998,0.29,0.3265181676083998
0.31,0.26327561560569795,0.31,0.26327561560569795
0.16,0.1254287572866527,0.16,0.1254287572866527
0.19,0.485502481807622,0.19,0.44105803736317756
0.05,0.025741995916434723,0.05,0.025741995916434723
0.03,0.19991647229374757,0.03,0.19991647229374757
0.08,-0.0054728371893510985,0.08,0.0
0.41,0.23313223849894815,0.41,0.23313223849894815
0.06,0.0519022556843014,0.06,0.0519022556843014
0.02,0.11375656404359508,0.02,0.11375656404359508
0.42,0.2593620263435507,0.42,0.2593620263435507
1.0,0.250642433158638,0.7111111111111111,0.250642433158638
0.65,0.32070413807795656,0.36111111111111116,0.32070413807795656
0.07,0.13901008261053455,0.07,0.13901008261053455
0.07,0.20733534576200702,0.07,0.20733534576200702
0.01,-0.011191674199497348,0.01,0.0
0.24,0.25565202346193366,0.24,0.25565202346193366
0.12,0.1360763628428452,0.12,0.1360763628428452
0.01,0.13471758015968402,0.01,0.13471758015968402
0.22,0.5138958956357476,0.22,0.4694514511913031
0.31,0.18927339025372678,0.31,0.18927339025372678
0.04,0.07761723109384847,0.04,0.07761723109384847
0.24,0.1557140987815312,0.24,0.1557140987815312
0.11,0.18358513500124157,0.11,0.18358513500124157
0.05,0.23065110874763484,0.05,0.23065110874763484
0.06,0.14921947769499627,0.06,0.14921947769499627
0.07,0.1754030474263649,0.07,0.1754030474263649
0.06,0.0658526635629052,0.06,0.0658526635629052
0.47,0.498499824319998,0.47,0.498499824319998
0.19,0.11117081746401661,0.19,0.11117081746401661
0.03,0.23615054557530502,0.03,0.19170610113086056
0.43,0.24570592342694902,0.43,0.24570592342694902
0.01,0.02760320956938131,0.01,0.02760320956938131
0.15,-0.006274699606632239,0.15,0.0
0.1,0.17475254577950688,0.1,0.17475254577950688
0.21,0.1903474439066975,0.21,0.1903474439066975
0.07,0.12625489249668775,0.07,0.12625489249668775
0.03,0.013548959528012022,0.03,0.013548959528012022
0.08,0.12501863747062167,0.08,0.12501863747062167
0.13,0.08954272292497664,0.13,0.08954272292497664
0.33,0.3975966738067537,0.33,0.3975966738067537
0.03,0.11514585763875043,0.03,0.11514585763875043
0.27,0.12909099456972575,0.27,0.12909099456972575
0.02,0.029295244458171665,0.02,0.029295244458171665
0.01,0.12069856938741313,0.01,0.12069856938741313
0.61,0.5090703170919759,0.61,0.5090703170919759
0.14,0.0762183713661441,0.14,0.0762183713661441
0.6,0.387612909521048,0.3111111111111111,0.387612909521048
0.11,0.10411583121019863,0.11,0.10411583121019863
0.07,0.016552337053781313,0.07,0.016552337053781313
0.05,0.018157067834557672,0.05,0.018157067834557672
0.13,0.28762091813089724,0.13,0.28762091813089724
0.08,0.06297386128514174,0.08,0.06297386128514174
0.17,0.20213062669214324,0.17,0.20213062669214324
0.3,0.46404513695034244,0.3,0.46404513695034244
0.36,0.4997466217737615,0.36,0.4997466217737615
0.33,0.6257380999586952,0.33,0.5812936555142508
0.23,0.28781548164087,0.23,0.28781548164087
0.38,0.46810123861682124,0.38,0.46810123861682124
1.0,0.6259204761215398,0.7111111111111111,0.6259204761215398
0.2,0.18688171406168574,0.2,0.18688171406168574
0.1,-0.06629663776939371,0.1,0.0
0.05,0.058568979882477806,0.05,0.058568979882477806
0.05,0.07025570032657039,0.05,0.07025570032657039
0.34,0.2644923781707453,0.34,0.2644923781707453
0.09,0.12809161052211335,0.09,0.12809161052211335
0.16,0.07562782153784203,0.16,0.07562782153784203
0.25,0.5959895371149256,0.25,0.5515450926704812
0.87,0.8579316355842646,0.87,0.8579316355842646
0.4,0.25746524441847934,0.4,0.25746524441847934
0.6,0.43693741004255227,0.6,0.43693741004255227
0.06,-0.008223338159057347,0.06,0.0
0.65,0.49160520287171694,0.65,0.49160520287171694
0.29,0.1609993295050494,0.29,0.1609993295050494
0.09,0.2571936460396673,0.09,0.2571936460396673
0.18,0.20783381138913087,0.18,0.20783381138913087
0.11,0.11399748595404105,0.11,0.11399748595404105
0.09,0.09466329228747036,0.09,0.09466329228747036
0.16,0.11640555754810511,0.16,0.11640555754810511
0.29,0.19631438182425143,0.29,0.19631438182425143
0.26,0.3530027189896712,0.26,0.3530027189896712
0.28,0.28340552355280685,0.28,0.28340552355280685
0.21,0.362276750719565,0.21,0.362276750719565
0.01,-0.008455445209863188,0.01,0.0
0.3,0.4334933514661383,0.3,0.4334933514661383
0.03,0.004456418718558924,0.03,0.004456418718558924
0.02,0.05856698845127972,0.02,0.05856698845127972
0.06,-0.07130808056403443,0.06,0.0
0.53,0.34181281575107436,0.53,0.34181281575107436
0.38,0.32149087075265104,0.38,0.32149087075265104
0.03,0.027946329301116568,0.03,0.027946329301116568
0.08,0.10229686618174916,0.08,0.10229686618174916
0.37,0.2734873366780116,0.37,0.2734873366780116
0.15,0.2747756666389616,0.15,0.2747756666389616
0.76,0.611172556722466,0.76,0.611172556722466
0.16,0.06561665971432659,0.16,0.06561665971432659
1.0,0.4070481093749018,0.7111111111111111,0.4070481093749018
0.36,0.2597602807306358,0.36,0.2597602807306358
0.1,0.09703357474013025,0.1,0.09703357474013025
0.24,0.4801992343250191,0.24,0.43575478988057464
0.24,0.2220472284950591,0.24,0.2220472284950591
0.01,0.022951484922212773,0.01,0.022951484922212773
0.07,0.09368937503968272,0.07,0.09368937503968272
0.32,0.36714891117314863,0.32,0.36714891117314863
0.03,0.02328061656040556,0.03,0.02328061656040556
0.1,0.19216588666215373,0.1,0.19216588666215373
0.03,0.23036403559308474,0.03,0.1859195911486403
0.04,0.008832835711965914,0.04,0.008832835711965914
0.18,0.07269898298393432,0.18,0.07269898298393432
0.09000000000000001,0.07279406781595987,0.09000000000000001,0.07279406781595987
0.59,0.3059191968746756,0.3011111111111111,0.3059191968746756
0.41,0.20269943392516637,0.12111111111111111,0.20269943392516637
0.05,0.01889911453900983,0.05,0.01889911453900983
0.12,0.16474986592211116,0.12,0.16474986592211116
0.39,0.3341457296697427,0.39,0.3341457296697427
0.05,0.03663454741632849,0.05,0.03663454741632849
0.14,0.11797432710857617,0.14,0.11797432710857617
0.44,0.4194220185888672,0.44,0.4194220185888672
0.13,0.3087097641397337,0.13,0.3087097641397337
0.26,0.13659314655933047,0.26,0.13659314655933047
0.2,0.13956994778737694,0.2,0.13956994778737694
0.31,0.5124044511611763,0.31,0.4679600067167318
1.0,0.7024470059984325,0.7111111111111111,0.7024470059984325
0.36,0.46787019414839864,0.36,0.46787019414839864
0.14,0.17151408858000577,0.14,0.17151408858000577
0.11,0.08916904967029171,0.11,0.08916904967029171
0.03,0.18795902274620935,0.03,0.18795902274620935
0.08,0.0984229751555202,0.08,0.0984229751555202
0.11,0.32023422058370266,0.11,0.2757897761392582
0.03,0.09336885012300589,0.03,0.09336885012300589
0.36,0.40418632725494164,0.36,0.40418632725494164
0.21,0.2829512453556064,0.21,0.2829512453556064
0.15,0.3604616596166405,0.15,0.31601721517219605
0.84,0.5191305026566442,0.5511111111111111,0.5191305026566442
0.1,0.19085510241423093,0.1,0.19085510241423093
0.17,0.10633394270027588,0.17,0.10633394270027588
0.09000000000000001,0.10053756406630004,0.09000000000000001,0.10053756406630004
0.02,-0.013817101679692412,0.02,0.0
0.06,0.17883208060282804,0.06,0.17883208060282804
0.12,0.17501694476961893,0.12,0.17501694476961893
0.1,0.040703234908105485,0.1,0.040703234908105485
0.04,-0.027427861640495377,0.04,0.0
0.14,0.056142631295199835,0.14,0.056142631295199835
0.44,0.5989795306122884,0.44,0.5989795306122884
0.36,0.3640156909705308,0.36,0.3640156909705308
0.14,0.22877540402953778,0.14,0.22877540402953778
0.04,0.06846198927914685,0.04,0.06846198927914685
0.28,0.2899423496431609,0.28,0.2899423496431609
0.45,0.3754711804213266,0.45,0.3754711804213266
0.0,0.08243287879707897,0.0,0.08243287879707897
0.01,0.12697165477220448,0.01,0.12697165477220448
0.52,0.33092887009316063,0.52,0.33092887009316063
0.28,0.1197348449047177,0.28,0.1197348449047177
0.05,0.23554723708516143,0.05,0.23554723708516143
0.12,0.16265821922159324,0.12,0.16265821922159324
0.78,0.19145623898267747,0.49111111111111116,0.19145623898267747
0.4,0.17203934908240193,0.11111111111111116,0.17203934908240193
0.11,0.07747177089005172,0.11,0.07747177089005172
0.59,0.6414848491964984,0.59,0.6414848491964984
0.19,0.1009990298342984,0.19,0.1009990298342984
0.22,0.2301248650355797,0.22,0.2301248650355797
0.23,0.1963569500838025,0.23,0.1963569500838025
0.59,0.47807840788863754,0.59,0.47807840788863754
0.37,0.12631147121234299,0.08111111111111113,0.12631147121234299
0.01,0.11904952724961945,0.01,0.11904952724961945
0.17,0.05775336358099456,0.17,0.05775336358099456
0.20000000000000004,0.19655662618093014,0.20000000000000004,0.19655662618093014
0.01,0.14699251094415666,0.01,0.14699251094415666
0.02,0.0430961168337782,0.02,0.0430961168337782
1.0,0.8637216684508173,1.0,0.8637216684508173
0.05,0.0006174310961267471,0.05,0.0006174310961267471
0.01,0.05229501621051877,0.01,0.05229501621051877
0.57,0.669716549499472,0.57,0.669716549499472
0.36,0.16605849545876333,0.36,0.16605849545876333
0.3,0.11828421019286675,0.3,0.11828421019286675
0.16,0.15945553732238824,0.16,0.15945553732238824
0.03,0.039702474078642136,0.03,0.039702474078642136
0.01,0.0843543054070855,0.01,0.0843543054070855
0.49,0.2096606032314427,0.20111111111111113,0.2096606032314427
0.24,0.21368312273663728,0.24,0.21368312273663728
0.11,0.2800195687944049,0.11,0.2800195687944049
0.8,0.338677080347234,0.5111111111111112,0.338677080347234
0.2,0.28323699562748644,0.2,0.28323699562748644
0.31,0.30869162848245935,0.31,0.30869162848245935
0.14,0.03281812513710175,0.14,0.03281812513710175
0.75,0.5011356265478367,0.46111111111111114,0.5011356265478367
0.36000000000000004,0.31605315905951115,0.36000000000000004,0.31605315905951115
0.08,0.06279446087736537,0.08,0.06279446087736537
0.03,0.15519652365195027,0.03,0.15519652365195027
0.53,0.5620924662673858,0.53,0.5620924662673858
0.14,0.20494429526925187,0.14,0.20494429526925187
0.09000000000000001,0.07702822073291363,0.09000000000000001,0.07702822073291363
0.16,0.24238929593993155,0.16,0.24238929593993155
0.12,0.05285802286982075,0.12,0.05285802286982075
0.51,0.3245271453100754,0.51,0.3245271453100754
0.1,0.06345806728735862,0.1,0.06345806728735862
0.19,0.1482844772141882,0.19,0.1482844772141882
1.0,0.5808571703525898,0.7111111111111111,0.5808571703525898
0.14,0.07213233321030971,0.14,0.07213233321030971
0.06,0.11982191238573364,0.06,0.11982191238573364
0.57,0.5748780325443994,0.57,0.5748780325443994
0.04,-0.0384539010894,0.04,0.0
0.06,0.08491380888177175,0.06,0.08491380888177175
0.11,0.0062337394462270435,0.11,0.0062337394462270435
0.09,0.20931691067018157,0.09,0.20931691067018157
0.1,0.058845195374522874,0.1,0.058845195374522874
0.16,0.1312520230355344,0.16,0.1312520230355344
0.07,0.1480984095866671,0.07,0.1480984095866671
0.01,0.10592981316350783,0.01,0.10592981316350783
0.02,0.11775741859546934,0.02,0.11775741859546934
0.11,0.3436399334066641,0.11,0.29919548896221965
0.51,0.31506010525973127,0.51,0.31506010525973127
0.59,0.4862745123171234,0.59,0.4862745123171234
0.03,0.03216011755418058,0.03,0.03216011755418058
0.25,0.47648605127398835,0.25,0.4320416068295439
0.45,0.3651606410391882,0.45,0.3651606410391882
0.04,0.04405317527726471,0.04,0.04405317527726471
0.12,0.22017686078506696,0.12,0.22017686078506696
0.01,0.047641060576393585,0.01,0.047641060576393585
0.06,0.061974153535083565,0.06,0.061974153535083565
0.26,0.4796949042732672,0.26,0.43525045982882277
0.03,0.055297077741078504,0.03,0.055297077741078504
0.10000000000000002,0.09285576879834664,0.10000000000000002,0.09285576879834664
0.2,0.22110459422306872,0.2,0.22110459422306872
0.81,0.5418388832124552,0.5211111111111112,0.5418388832124552
0.1,0.10995242642255035,0.1,0.10995242642255035
0.13,0.34945313622974783,0.13,0.3050086917853034
0.2,0.172468894703463,0.2,0.172468894703463
0.02,-0.047052393574642803,0.02,0.0
0.13,0.24996389722840393,0.13,0.24996389722840393
0.28,0.14867561585884403,0.28,0.14867561585884403
0.07,0.0890418337690809,0.07,0.0890418337690809
0.12,0.1775801819736781,0.12,0.1775801819736781
0.1,0.12299752696390717,0.1,0.12299752696390717
0.03,-0.061787014139416285,0.03,0.0
0.7,0.3246563809941935,0.4111111111111111,0.3246563809941935
0.3,0.11587151925601186,0.3,0.11587151925601186
0.01,0.08318367687605993,0.01,0.08318367687605993
0.15,0.28098254666022876,0.15,0.28098254666022876
0.17,0.16321804443752563,0.17,0.16321804443752563
0.38,0.4518162697576238,0.38,0.4518162697576238
0.08,0.07710763710388682,0.08,0.07710763710388682
0.04,0.09802932997454233,0.04,0.09802932997454233
0.2,0.10725766082129262,0.2,0.10725766082129262
0.19,0.07415341377264717,0.19,0.07415341377264717
0.06,0.166548134398465,0.06,0.166548134398465
0.04,0.008155200210894942,0.04,0.008155200210894942
0.31,0.3136900905494283,0.31,0.3136900905494283
0.26,0.3773648898356753,0.26,0.3773648898356753
0.02,0.12396622408132557,0.02,0.12396622408132557
0.39,0.36528987945248526,0.39,0.36528987945248526
0.0,0.06659289688335171,0.0,0.06659289688335171
0.17,0.21910904025655456,0.17,0.21910904025655456
0.2,0.13960212470718597,0.2,0.13960212470718597
0.31,0.39815999524722123,0.31,0.39815999524722123
0.14,0.28990018676790885,0.14,0.28990018676790885
0.19,0.1091668759984751,0.19,0.1091668759984751
0.14,0.13743161714629348,0.14,0.13743161714629348
0.65,0.49990403291833685,0.65,0.49990403291833685
0.59,0.6334999905069372,0.59,0.6334999905069372
0.16,0.15060405794140475,0.16,0.15060405794140475
0.18,0.09640701568187324,0.18,0.09640701568187324
0.1,0.14710407355359228,0.1,0.14710407355359228
0.03,-0.04020111228114254,0.03,0.0
0.36,0.5268258782726876,0.36,0.5268258782726876
0.18,0.04400987059717251,0.18,0.04400987059717251
0.04,0.0022977247499213482,0.04,0.0022977247499213482
0.03,0.04138593724672798,0.03,0.04138593724672798
0.19,0.500619716835174,0.19,0.4561752723907296
0.2,0.21371401841204365,0.2,0.21371401841204365
0.19,0.07774887122025395,0.19,0.07774887122025395
0.18,0.17431458168467823,0.18,0.17431458168467823
0.28,0.32852588540297367,0.28,0.32852588540297367
0.75,0.5654901086923545,0.75,0.5654901086923545
0.16,0.118993663997427,0.16,0.118993663997427
0.57,0.6742827875992301,0.57,0.6742827875992301
0.05,0.23993704583637646,0.05,0.23993704583637646
0.02,0.1447341332578202,0.02,0.1447341332578202
0.15,0.06560588527911682,0.15,0.06560588527911682
0.37,0.12020441745799773,0.08111111111111113,0.12020441745799773
0.21,0.34401639922831195,0.21,0.34401639922831195
0.10000000000000002,0.09603319769819235,0.10000000000000002,0.09603319769819235
0.38,0.2673862418908732,0.38,0.2673862418908732
0.11,0.1522177352506111,0.11,0.1522177352506111
0.15,0.13178816280201666,0.15,0.13178816280201666
0.01,0.1020302784588204,0.01,0.1020302784588204
0.48,0.7029267109404299,0.48,0.6584822664959855
0.13,0.368999324286527,0.13,0.32455487984208253
0.81,0.5736841353807196,0.5211111111111112,0.5736841353807196
0.02,-0.05587038983563519,0.02,0.0
0.06,0.18286518844211502,0.06,0.18286518844211502
0.1,0.23551905174986287,0.1,0.23551905174986287
